INSERT INTO UNIT (NAME) VALUES ('Profesor'), ('Estudiante'), ('Compañía'), ('Curso'), ('Calificación'), ('Grupos'), ('Día'), ('Mes'), ('Año'), ('Programa Educativo'), ('Espacios')
INSERT INTO PETYPE (NAME) VALUES ('TSU'), ('Ingeniería')
INSERT INTO CLASSTYPE (NAME) VALUES ('Eficiencia'), ('Eficacia'), ('Pertinencia'), ('Equidad'), ('Vinculación'), ('Otros')
INSERT INTO PERIODICITY (NAME) VALUES ('Mensual'), ('Cuatrimestral'), ('Semestral'), ('Anual')
INSERT INTO STATUS (NAME) VALUES ('Activo'), ('Inactivo'), ('Incompleto e inactivo')
INSERT INTO INDICATORTYPE (NAME) VALUES ('PIDE'), ('MECASUT'), ('PE'), ('COMPONENT')
INSERT INTO MEASUREUNITTYPE (NAME) VALUES ('Numérico'), ('Porcentaje'), ('Ordinal'), ('Promedio'), ('Moneda'), ('Tiempo')
INSERT INTO RESETTYPE (NAME) VALUES ('Continuo'), ('Cuatrimestral'), ('Anual')
INSERT INTO STRATEGICTYPE (NAME) VALUES ('vision'), ('axe'), ('topic'), ('objective'), ('strategy'), ('process'), ('project'), ('component'), ('indicator')
INSERT INTO AREATYPE (NAME) VALUES ('Rectoría'), ('Secretaría'), ('Dirección'), ('Jefe de Departamento')
INSERT INTO AREA (TYPE_ID, NAME) VALUES (1, 'Rector'), (2, 'Secretario Administrativo'), (2, 'Secretario Académico'), (2, 'Secretario de Vinculación')
--INSERT INTO STRATEGICITEM (ID, NAME, STRATEGICTYPE_ID) VALUES (1,'Institución reconocida, que atiende los requerimientos del sector productivo de bienes y de servicios caracterizados por su calidad, pertinencia y relevancia',1),(2,'2 Formación integral y aprovechamiento académico',2),(3,'6 Internacionalización e idiomas',2),(4,'3 Planeación, administración, equidad y gobierno',2),(5,'4 Vinculación e incubación de empresas',2),(6,'5 Innovación y desarrollo tecnológico',2),(7,'1 Calidad Educativa',2),(8,'Objetivo 1.5 Mejorar el rendimiento y aprendizaje de los estudiantes',4),(9,'b) Reducir las tasas de reprobación y deserción',5),(10,'1.4 Biblioteca',3),(11,'a) Fortalecer el seguimiento de los estudiantes',5),(12,'1.1 Innovación educativa',3),(13,'1.5 Evaluación del aprendizaje',3),(14,'1.2 Infraestructura educativa, cultural y deportiva',3),(15,'1.3 Atención de recomendaciones para acreditación de Programas Educativos',3),(16,'e) Impulsar el aprovechamiento del uso de recurso de la Biblioteca Digital del Espacio Común de Educación Superior Tecnológica y politécnica (BiDig-ECEST)',5),(17,'d) Impulsar el aprovechamiento del proyecto JANIUM (avance en la captura, clasificación y re-etiquetación del acervo)',5),(18,'c) Mejorar el perfil del personal bibliotecario',5),(19,'a) Incrementar el número de títulos bibliográficos asegurando que se cuente con un acervo especializado (digital e impreso)',5),(20,'f) Impulsar las actividades que motiven a la comunidad universitaria para el fomento de la lectura',5),(21,'Objetivo 1.4 Fortalecer la atención de usuarios para el aprovechamiento de servicios bibliotecarios',4),(22,'b) Incrementar, optimizar y actualizar el equipamiento y los servicios informáticos',5),(23,'Objetivo 1.3 Acreditar los programas educativos',4),(24,'a) Mejorar la infraestructura física, académica y metodológica de los PE',5),(25,'b) Realizar evaluaciones constantes de los PE de acuerdo a los requisitos de acreditación de CIEES y COPAES',5),(26,'Objetivo 1.2 Optimizar la infraestructura educativa, cultural y deportiva',4),(27,'c) Mejorar la infraestructura y equipamiento en aulas, talleres y laboratorios',5),(28,'d) Contar con un plan maestro de infraestructura',5),(29,'b) Utilizar de manera eficiente la infraestructura educativa',5),(30,'a) Ampliar y aprovechar de forma adecuada las instalaciones deportivas y culturales',5),(31,'b) Fortalecer el desarrollo de habilidades en los profesores en el uso de TIC para el aprendizaje con tendencia al e-learning',5),(32,'Objetivo 1.1 Incrementar el uso de TIC para fortalecer el aprendizaje',4),(33,'a) Consolidar los enfoques y modelos educativos centrados en el aprendizaje',5),(34,'2.3 Tutorias',3),(35,'2.4 Eficiencia terminal',3),(36,'2.1 Tendencias en la educación',3),(37,'2.2 Formación integral del estudiante',3),(38,'b) Consolidar acciones de apoyo a los estudiantes en los PE que incrementen las tasas de egreso y de titulación',5),(39,'c) Promover entre los estudiantes la aplicación para becas totales o parciales',5),(40,'a) Establecer modelos de seguimiento a la trayectoria académica de los estudiantes para detectar alumnos en riesgo de deserción',5),(41,'Objetivo 2.4 Mejorar la eficiencia terminal de los PE de TSU e Ingenierías',5),(42,'e) Optimizar la asignación de alumnos por tutor',5),(43,'b) Promover la eficiencia de la tutoría para detectar alumnos que requieren apoyo de asesoría especializada en los PE',5),(44,'a) Incrementar la capacidad de los PTC para otorgar tutorías efectivas para los alumnos',5),(45,'b) Consolidar acciones de apoyo a los estudiantes en los PE que incrementen las tasas de egreso y de titulación',5),(46,'c) Mejorar la capacitación de los tutores',5),(47,'c) Promover entre los estudiantes la aplicación para becas totales o parciales',5),(48,'Objetivo 2.4 Mejorar la eficiencia terminal de los PE de TSU e Ingenierías',4),(49,'Objetivo 2.3 Fortalecer el programa institucional de tutorías',4),(50,'b) Promover adecuadamente la participación en actividades extracurriculares',5),(51,'c) Desarrollar en el estudiante capacidades para la vida y formación de valores',5),(52,'d) Organizar torneos deportivos cada ciclo escolar para los alumnos de TSU e Ingenierías',4),(53,'Objetivo 2.2 Asegurar que los estudiantes reciban una formación integral que incluya valores y actividades deportivas, culturales y artísticas',5),(54,'a) Optimizar la infraestructura de apoyo para que los estudiantes reciban una formación integral',5),(55,'e) Formar selecciones deportivas que representen a la UTJ en torneos',5),(56,'c) Desarrollar en el estudiante capacidades para la vida y formación de valores',5),(57,'Objetivo 2.2 Asegurar que los estudiantes reciban una formación integral que incluya valores y actividades deportivas, culturales y artísticas',4),(58,'b) Promover adecuadamente la participación en actividades extracurriculares',5),(59,'d) Organizar torneos deportivos cada ciclo escolar para los alumnos de TSU e Ingenierías',5),(60,'a) Optimizar la infraestructura de apoyo para que los estudiantes reciban una formación integral',5),(61,'e) Formar selecciones deportivas que representen a la UTJ en torneos',5),(62,'b) Mejorar los criterios de selección de nuevos alumnos',5),(63,'d) Fomentar el uso de TIC para mejorar el aprovechamiento y regularización académica',4),(64,'a) Participar en instancias orientadas a mejorar la articulación entre la educación básica, la educación media superior y la educación superior',5),(65,'Objetivo 2.1 Reducir los efectos de las deficiencias en educación básica y media superior en los alumnos de la UTJ',4),(66,'c) Generar cursos adicionales para reforzar los conocimientos básicos que deben tener los estudiantes para iniciar un TSU o ingeniería',5),(67,'b) Mejorar los criterios de selección de nuevos alumnos',5),(68,'a) Participar en instancias orientadas a mejorar la articulación entre la educación básica, la educación media superior y la educación superior',5),(69,'Objetivo 2.1 Reducir los efectos de las deficiencias en educación básica y media superior en los alumnos de la UTJ',4),(70,'c) Generar cursos adicionales para reforzar los conocimientos básicos que deben tener los estudiantes para iniciar un TSU o ingeniería',5),(71,'d) Fomentar el uso de TIC para mejorar el aprovechamiento y regularización académica',5),(72,'4.4 Asesoría técnica y financiera hacia las empresas',3),(73,'4.3 Incubación y desarrollo de negocios',3),(74,'4.6 Fomento al emprendedor universitario',3),(75,'4.2 Evaluación de la oferta educativa y ampliación de matrícula',3),(76,'4.1 Pertinencia de los Programas Educativos',3),(77,'4.8 Convenios y contratos con el sector privado',3),(78,'4.5 Vinculación',3),(79,'4.7 Formación de los estudiantes en las empresas',3),(80,'Objetivo 4.8 Incrementar la suscripción de acuerdos convenios de colaboración y contratos con el sector privado y la gestión de donativos',4),(81,'b) Planear la cesión de materiales, maquinaria y equipos a empresas del sector productivo bajo la figura jurídica de donación',5),(82,'b) Incrementar la participación del sector productivo en la evaluación de las actividades educativas',5),(83,'Objetivo 4.6 Capacitar a los alumnos para fomentar el emprendimiento',4),(84,'a) Convocar y seleccionar a estudiantes de Ingeniería y de TSU, con actitudes y vocacionamiento de emprendurismo',5),(85,'b) Incrementar la participación del sector productivo en la evaluación de las actividades educativas',5),(86,'a) Incentivar la movilidad académica nacional e internacional',5),(87,'Objetivo 4.6 Capacitar a los alumnos para fomentar el emprendimiento',4),(88,'b) Revisión periódica del Catálogo General de Servicios de la UTJ, con Académicos y administrativos',4),(89,'e) Convocar a Empresas del sector privado, Organismos  y Dependencias gubernamentales para ofrecer oportunidades de contratación a estudiantes y egresados de la UTJ',5),(90,'d) Crear espacios de convivencia y comunicación de la planta académica y de su sector estudiantil de la UTJ con prominentes empresarios, destacados directivos de Cámaras y Organismos empresariales',5),(91,'b) Incrementar la participación del sector productivo en la evaluación de las actividades educativas',5),(92,'c) Fomentar la participación en redes académicas con otras instituciones nacionales e internacionales',5),(93,'a) Convocar y seleccionar a estudiantes de Ingeniería y de TSU, con actitudes y vocacionamiento de emprendurismo',5),(94,'Objetivo 4.5 Incrementar la vinculación con instituciones educativas, gubernamentales y empresariales',4),(95,'f) Optimizar los resultados de las estadías de estudiantes en el sector empresarial',5),(96,'a) Convocar y seleccionar a estudiantes de Ingeniería y de TSU, con actitudes y vocacionamiento de emprendurismo',5),(97,'a) Identificar empresas con problemas y/o necesidades que se puedan resolver con propuestas tecnológicas',5),(98,'b) Revisión periódica del Catálogo General de Servicios de la UTJ, con Académicos y administrativos',5),(99,'e) Convocar a Empresas del sector privado, Organismos  y Dependencias gubernamentales para ofrecer oportunidades de contratación a estudiantes y egresados de la UTJ',5),(100,'f) Optimizar los resultados de las estadías de estudiantes en el sector empresarial',5),(101,'b) Armado de proyectos para presentarlos a concursar por recursos en las distintas convocatorias (INADEM, CONACYT, COECYTJAL, SGARPA, etc.)',5),(102,'Objetivo 4.5 Incrementar la vinculación con instituciones educativas, gubernamentales y empresariales',5),(103,'c) Fomentar la participación en redes académicas con otras instituciones nacionales e internacionales',3),(104,'a) Incentivar la movilidad académica nacional e internacional',5),(105,'d) Crear espacios de convivencia y comunicación de la planta académica y de su sector estudiantil de la UTJ con prominentes empresarios, destacados directivos de Cámaras y Organismos empresariales',5),(106,'Objetivo 4.6 Capacitar a los alumnos para fomentar el emprendimiento',5),(107,'f) Optimizar los resultados de las estadías de estudiantes en el sector empresarial',5),(108,'Objetivo 4.5 Incrementar la vinculación con instituciones educativas, gubernamentales y empresariales',4),(109,'Objetivo 4.3 Consolidar la incubadora de negocios',4),(110,'b) Mejorar la infraestructura orientada a las necesidades de las empresas incubadas',5),(111,'Objetivo 4.6 Capacitar a los alumnos para fomentar el emprendimiento',5),(112,'a) Incentivar la movilidad académica nacional e internacional',5),(113,'b) Revisión periódica del Catálogo General de Servicios de la UTJ, con Académicos y administrativos',5),(114,'d) Crear espacios de convivencia y comunicación de la planta académica y de su sector estudiantil de la UTJ con prominentes empresarios, destacados directivos de Cámaras y Organismos empresariales',5),(115,'c) Fomentar la participación en redes académicas con otras instituciones nacionales e internacionales',5),(116,'e) Convocar a Empresas del sector privado, Organismos  y Dependencias gubernamentales para ofrecer oportunidades de contratación a estudiantes y egresados de la UTJ',5),(117,'a) Identificar empresas con problemas y/o necesidades que se puedan resolver con propuestas tecnológicas',5),(118,'a) Convocar y seleccionar a estudiantes de Ingeniería y de TSU, con actitudes y vocacionamiento de emprendurismo',5),(119,'a) Evaluar la oferta académica vigente en función de los estudios de pertinencia',5),(120,'Objetivo 4.6 Capacitar a los alumnos para fomentar el emprendimiento',5),(121,'c) Fomentar la participación en redes académicas con otras instituciones nacionales e internacionales',5),(122,'Objetivo 4.3 Consolidar la incubadora de negocios',5),(123,'d) Crear espacios de convivencia y comunicación de la planta académica y de su sector estudiantil de la UTJ con prominentes empresarios, destacados directivos de Cámaras y Organismos empresariales',4),(124,'c) Promover entre los egresados del nivel medio superior las carreras que oferta la UTJ',3),(125,'Objetivo 4.5 Incrementar la vinculación con instituciones educativas, gubernamentales y empresariales',4),(126,'b) Mejorar la infraestructura orientada a las necesidades de las empresas incubadas',3),(127,'e) Convocar a Empresas del sector privado, Organismos  y Dependencias gubernamentales para ofrecer oportunidades de contratación a estudiantes y egresados de la UTJ',5),(128,'b) Revisión periódica del Catálogo General de Servicios de la UTJ, con Académicos y administrativos',5),(129,'a) Identificar empresas con problemas y/o necesidades que se puedan resolver con propuestas tecnológicas',5),(130,'f) Optimizar los resultados de las estadías de estudiantes en el sector empresarial',5),(131,'Objetivo 4.1 Asegurar la calidad y pertinencia de los PE',4),(132,'Objetivo 4.5 Incrementar la vinculación con instituciones educativas, gubernamentales y empresariales',4),(133,'f) Optimizar los resultados de las estadías de estudiantes en el sector empresarial',5),(134,'a) Identificar empresas con problemas y/o necesidades que se puedan resolver con propuestas tecnológicas',5),(135,'a) Diseñar un esquema que permita el adecuado seguimiento de egresados y facilite la evaluación de la pertinencia de los PE',5),(136,'e) Convocar a Empresas del sector privado, Organismos  y Dependencias gubernamentales para ofrecer oportunidades de contratación a estudiantes y egresados de la UTJ',5),(137,'c) Promover entre los egresados del nivel medio superior las carreras que oferta la UTJ',5),(138,'Objetivo 4.6 Capacitar a los alumnos para fomentar el emprendimiento',4),(139,'b) Generar mecanismos que aseguren que las recomendaciones de los empleadores se incorporen al diseño y actualización de los PE',5),(140,'d) Crear espacios de convivencia y comunicación de la planta académica y de su sector estudiantil de la UTJ con prominentes empresarios, destacados directivos de Cámaras y Organismos empresariales',5),(141,'b) Mejorar la infraestructura orientada a las necesidades de las empresas incubadas',5),(142,'5.4 Capacidad Académica',3),(143,'5.2 Labores de investigación, desarrollo tecnológico e innovación',3),(144,'5.1 Perfil y actividades del personal académico',3),(145,'5.1 Perfil y actividades del personal académico',3),(146,'5.4 Capacidad Académica',3),(147,'5.2 Labores de investigación, desarrollo tecnológico e innovación',3),(148,'b) Aumentar el número de profesores con reconocimiento PRODEP',5),(149,'5.1 Perfil y actividades del personal académico',3),(150,'5.4 Capacidad Académica',3),(151,'b) Optimizar los apoyos y herramientas para promover proyectos de investigación',3),(152,'a) Mejorar los perfiles docentes y del alumnado para realizar investigación',5),(153,'Objetivo 5.3 Incrementar la productividad académica a la par con los proyectos de investigación, desarrollo tecnológico e innovación',4),(154,'b) Aumentar el número de profesores con reconocimiento PRODEP',5),(155,'5.2 Labores de investigación, desarrollo tecnológico e innovación',5),(156,'Objetivo 5.3 Incrementar la productividad académica a la par con los proyectos de investigación, desarrollo tecnológico e innovación',4),(157,'5.2 Labores de investigación, desarrollo tecnológico e innovación',3),(158,'Objetivo 5.2 Fortalecer la infraestructura para la investigación, desarrollo tecnológico e innovación en la UTJ',4),(159,'b) Aumentar el número de profesores con reconocimiento PRODEP',5),(160,'5.1 Perfil y actividades del personal académico',3),(161,'b) Optimizar los apoyos y herramientas para promover proyectos de investigación',5),(162,'a) Mejorar los perfiles docentes y del alumnado para realizar investigación',5),(163,'h) Lograr convenios de vinculación intrainstitucional para hacer investigación interdisciplinar',5),(164,'b) Aumentar el número de profesores con reconocimiento PRODEP',5),(165,'5.2 Labores de investigación, desarrollo tecnológico e innovación',3),(166,'a) Mejorar los perfiles docentes y del alumnado para realizar investigación',5),(167,'c) Fortalecer la cooperación con otras instituciones para realizar investigación',5),(168,'d) Apoyar la adquisición de equipo y herramientas especializadas que faciliten el trabajo de investigación tecnológica y aplicada',5),(169,'e) Impulsar la búsqueda de conocimientos especializados en textos y artículos científicos',5),(170,'a) Definición de criterios uniformes para la asignación de apoyo de capacitación e investigadores',3),(171,'Objetivo 5.3 Incrementar la productividad académica a la par con los proyectos de investigación, desarrollo tecnológico e innovación',5),(172,'b) Optimizar los apoyos y herramientas para promover proyectos de investigación',5),(173,'g) Impulsar la vinculación con la industria para realizar investigación aplicada en la solución de problemas',5),(174,'Objetivo 5.2 Fortalecer la infraestructura para la investigación, desarrollo tecnológico e innovación en la UTJ',4),(175,'e) Impulsar la búsqueda de conocimientos especializados en textos y artículos científicos',4),(176,'g) Impulsar la vinculación con la industria para realizar investigación aplicada en la solución de problemas',5),(177,'a) Mejorar los perfiles docentes y del alumnado para realizar investigación',5),(178,'b) Optimizar los apoyos y herramientas para promover proyectos de investigación',5),(179,'h) Lograr convenios de vinculación intrainstitucional para hacer investigación interdisciplinar',5),(180,'a) Definición de criterios uniformes para la asignación de apoyo de capacitación e investigadores',5),(181,'Objetivo 5.3 Incrementar la productividad académica a la par con los proyectos de investigación, desarrollo tecnológico e innovación',4),(182,'a) Reducir la rotación de docentes de asignatura',3),(183,'c) Fortalecer la cooperación con otras instituciones para realizar investigación',5),(184,'b) Aumentar el número de profesores con reconocimiento PRODEP',5),(185,'d) Apoyar la adquisición de equipo y herramientas especializadas que faciliten el trabajo de investigación tecnológica y aplicada',5),(186,'b) Facilitar la participación continua de los docentes en la actualización docente de acuerdo a su rama de enseñanza',5),(187,'Objetivo 5.2 Fortalecer la infraestructura para la investigación, desarrollo tecnológico e innovación en la UTJ',4),(188,'c) Establecer un banco de información de materiales pedagógicos, didácticos y manuales elaborados por los profesores que recibieron la formación de habilidades docentes (Laboratorio para diseñar y almacenar material didáctico)',5),(189,'c) Fortalecer la cooperación con otras instituciones para realizar investigación',5),(190,'e) Impulsar la búsqueda de conocimientos especializados en textos y artículos científicos',5),(191,'3.2 Sistema de Gestión de Calidad',3),(192,'3.7 Equidad de género y buen trato entre la comunidad universitaria',3),(193,'a) Definición de criterios uniformes para la asignación de apoyo de capacitación e investigadores',4),(194,'a) Mejorar los perfiles docentes y del alumnado para realizar investigación',5),(195,'Objetivo 5.2 Fortalecer la infraestructura para la investigación, desarrollo tecnológico e innovación en la UTJ',3),(196,'d) Apoyar la adquisición de equipo y herramientas especializadas que faciliten el trabajo de investigación tecnológica y aplicada',5),(197,'Objetivo 5.3 Incrementar la productividad académica a la par con los proyectos de investigación, desarrollo tecnológico e innovación',4),(198,'b) Facilitar la participación continua de los docentes en la actualización docente de acuerdo a su rama de enseñanza',5),(199,'3.6 Estructura administrativa',5),(200,'b) Aumentar el número de profesores con reconocimiento PRODEP',5),(201,'3.5 Sistema de Gestión Ambiental',5),(202,'a) Reducir la rotación de docentes de asignatura',5),(203,'c) Establecer un banco de información de materiales pedagógicos, didácticos y manuales elaborados por los profesores que recibieron la formación de habilidades docentes (Laboratorio para diseñar y almacenar material didáctico)',5),(204,'c) Establecer un banco de información de materiales pedagógicos, didácticos y manuales elaborados por los profesores que recibieron la formación de habilidades docentes (Laboratorio para diseñar y almacenar material didáctico)',5),(205,'d) Apoyar la adquisición de equipo y herramientas especializadas que faciliten el trabajo de investigación tecnológica y aplicada',5),(206,'a) Reducir la dependencia del presupuesto asignado anualmente',5),(207,'Objetivo 5.3 Incrementar la productividad académica a la par con los proyectos de investigación, desarrollo tecnológico e innovación',3),(208,'a) Reducir la rotación de docentes de asignatura',5),(209,'3.5 Sistema de Gestión Ambiental',3),(210,'e) Impulsar la búsqueda de conocimientos especializados en textos y artículos científicos',4),(211,'3.2 Sistema de Gestión de Calidad',3),(212,'a) Mejorar los perfiles docentes y del alumnado para realizar investigación',5),(213,'b) Facilitar la participación continua de los docentes en la actualización docente de acuerdo a su rama de enseñanza',5),(214,'Objetivo 3.8 Incrementar los recursos disponibles para la operación y ampliación de la infraestructura universitaria',5),(215,'3.7 Equidad de género y buen trato entre la comunidad universitaria',5),(216,'c) Establecer un banco de información de materiales pedagógicos, didácticos y manuales elaborados por los profesores que recibieron la formación de habilidades docentes (Laboratorio para diseñar y almacenar material didáctico)',5),(217,'a) Reducir la rotación de docentes de asignatura',5),(218,'Objetivo 3.8 Incrementar los recursos disponibles para la operación y ampliación de la infraestructura universitaria',4),(219,'a) Reducir la dependencia del presupuesto asignado anualmente',5),(220,'d) Apoyar la adquisición de equipo y herramientas especializadas que faciliten el trabajo de investigación tecnológica y aplicada',5),(221,'a) Generar conciencia en la comunidad universitaria sobre la prevención y atención del hostigamiento y acoso sexual',4),(222,'3.7 Equidad de género y buen trato entre la comunidad universitaria',4),(223,'c) Realizar campañas de difusión de la cultura de equidad de género',5),(224,'Objetivo 3.7 Asegurar que la comunidad universitaria cumpla con las políticas de equidad de género',5),(225,'Objetivo 3.8 Incrementar los recursos disponibles para la operación y ampliación de la infraestructura universitaria',4),(226,'a) Generar conciencia en la comunidad universitaria sobre la prevención y atención del hostigamiento y acoso sexual',5),(227,'a) Reducir la dependencia del presupuesto asignado anualmente',4),(228,'3.7 Equidad de género y buen trato entre la comunidad universitaria',3),(230,'d) Incluir en los PE temas de desarrollo sustentable',3),(231,'3.7 Equidad de género y buen trato entre la comunidad universitaria',5),(232,'a) Reducir la dependencia del presupuesto asignado anualmente',5),(233,'c) Incrementar la difusión del sistema de gestión ambiental',5),(234,'c) Generar instrumentos de promoción de la oferta educativa orientados a la captación de estudiantes provenientes de grupos vulnerables',5),(235,'c) Incrementar la difusión del sistema de gestión ambiental',5),(236,'Objetivo 3.4 Promover el acceso a la Universidad a los estudiantes que provienen de grupos vulnerables',4),(237,'d) Incluir en los PE temas de desarrollo sustentable',5),(238,'a) Generar conciencia en la comunidad universitaria sobre la prevención y atención del hostigamiento y acoso sexual',5),(239,'a) Generar incentivos que apoyen la inclusión de estudiantes provenientes de grupos vulnerables',5),(240,'c) Generar instrumentos de promoción de la oferta educativa orientados a la captación de estudiantes provenientes de grupos vulnerables',5),(241,'a) Generar conciencia en la comunidad universitaria sobre la prevención y atención del hostigamiento y acoso sexual',5),(242,'Objetivo 3.4 Promover el acceso a la Universidad a los estudiantes que provienen de grupos vulnerables',4),(243,'c) Incrementar la difusión del sistema de gestión ambiental',3),(244,'d) Incluir en los PE temas de desarrollo sustentable',5),(245,'a) Generar incentivos que apoyen la inclusión de estudiantes provenientes de grupos vulnerables',5),(246,'Objetivo 3.3 Asegurar la actualización y aplicación de la normatividad universitaria y facilitar los medios para las sesiones del Consejo Directivo de la UTJ',4),(247,'c) Mantener un estricto seguimiento del sistema integral de gestión',5),(248,'Objetivo 3.3 Asegurar la actualización y aplicación de la normatividad universitaria y facilitar los medios para las sesiones del Consejo Directivo de la UTJ',5),(249,'a) Promocionar la cultura de la calidad',5),(250,'c) Incrementar la difusión del sistema de gestión ambiental',5),(251,'c) Mantener un estricto seguimiento del sistema integral de gestión',5),(252,'Objetivo 3.4 Promover el acceso a la Universidad a los estudiantes que provienen de grupos vulnerables',4),(253,'d) Incluir en los PE temas de desarrollo sustentable',5),(254,'a) Generar incentivos que apoyen la inclusión de estudiantes provenientes de grupos vulnerables',4),(255,'b) Generar un sistema integral de indicadores',5),(256,'b) Generar un sistema integral de indicadores',5),(257,'Objetivo 3.3 Asegurar la actualización y aplicación de la normatividad universitaria y facilitar los medios para las sesiones del Consejo Directivo de la UTJ',4),(258,'b) Institucionalizar el seguimiento y evaluación como una práctica continua y necesaria para la toma de decisiones',5),(259,'c) Mantener un estricto seguimiento del sistema integral de gestión',5),(260,'Objetivo 3.1 Consolidar los trabajos e instrumentos de planeación, seguimiento y evaluación',4),(261,'a) Asegurar que los procesos, proyectos y actividades se realicen de acuerdo al PIDE',5),(262,'d) Incluir en los PE temas de desarrollo sustentable',5),(263,'a) Promocionar la cultura de la calidad',5),(264,'c) Incrementar la difusión del sistema de gestión ambiental',5),(265,'6.1 Movilidad',3),(266,'Objetivo 6.3 Formar y consolidar redes de cooperación académica nacionales e internacionales',4),(267,'6.1 Movilidad',3),(268,'d) Ofrecer cursos de regularización de idiomas para alumnos de primer ingreso',5),(269,'6.1 Movilidad',3),(270,'Objetivo 6.3 Formar y consolidar redes de cooperación académica nacionales e internacionales',4),(271,'Objetivo 6.2 Mejorar el aprovechamiento de la academia de idiomas para alumnos y profesores',4),(272,'b) Reducir los niveles de reprobación en inglés y francés de los alumnos',5),(273,'e) Fortalecer la difusión de convocatorias para los intercambios o estancias en el extranjero',5),(274,'b) Reducir los niveles de reprobación en inglés y francés de los alumnos',5),(275,'6.1 Movilidad',3),(276,'Objetivo 6.1 Facilitar los intercambios académicos para mejorar el dominio de un segundo idioma',4),(277,'Objetivo 6.2 Mejorar el aprovechamiento de la academia de idiomas para alumnos y profesores',4),(278,'Objetivo 6.3 Formar y consolidar redes de cooperación académica nacionales e internacionales',4),(279,'d) Mejorar la articulación y colaboración entre la academia de idiomas y la dirección de vinculación y el área de movilidad',5),(280,'d) Ofrecer cursos de regularización de idiomas para alumnos de primer ingreso',5)
--INSERT INTO STRATEGICITEM_STRATEGICITEM (STRATEGICITEM_ID, CHILDREN_ID) VALUES (1,5),(1,2),(1,3),(1,6),(1,7),(1,4),(7,12),(7,14),(7,13),(7,10),(7,15),(8,11),(8,9),(13,8),(10,21),(21,19),(21,22),(21,18),(21,17),(21,16),(21,20),(15,23),(23,24),(23,25),(14,26),(26,30),(26,29),(26,27),(26,28),(12,32),(32,33),(32,31),(2,36),(2,34),(2,37),(2,35),(34,49),(35,48),(48,38),(48,45),(48,47),(49,44),(49,43),(49,46),(49,40),(49,42),(37,57),(57,60),(57,58),(57,56),(57,59),(57,61),(65,64),(65,62),(65,66),(65,63),(36,69),(69,68),(69,67),(69,70),(69,71),(5,72),(5,73),(5,77),(5,78),(5,74),(5,75),(5,76),(5,79),(77,80),(80,62),(80,81),(63,64),(79,63),(83,84),(83,53),(87,93),(87,53),(94,86),(94,88),(94,92),(94,90),(94,89),(94,95),(63,95),(72,88),(88,101),(109,92),(109,110),(109,84),(52,119),(52,102),(75,52),(52,137),(73,123),(74,138),(76,131),(78,132),(88,134),(123,84),(123,92),(123,141),(131,135),(131,139),(131,106),(132,107),(132,129),(132,121),(132,140),(132,136),(132,133),(138,116),(138,53),(6,124),(125,85),(125,97),(125,110),(146,125),(150,125),(6,157),(6,151),(151,125),(156,162),(156,161),(156,120),(156,113),(156,39),(165,174),(174,170),(174,162),(174,167),(174,168),(174,169),(174,111),(174,173),(174,163),(6,170),(157,153),(181,177),(181,178),(181,120),(181,113),(181,39),(187,180),(187,162),(187,183),(187,185),(187,175),(187,111),(187,176),(187,179),(4,147),(4,126),(4,142),(4,182),(197,194),(197,179),(197,120),(197,113),(197,39),(4,211),(4,195),(125,201),(170,193),(193,196),(193,184),(193,162),(193,202),(193,177),(193,111),(4,207),(124,210),(153,217),(153,215),(193,214),(210,113),(210,39),(210,179),(210,120),(210,206),(218,219),(218,166),(108,171),(108,155),(153,224),(193,216),(195,108),(222,219),(222,114),(225,227),(225,166),(228,222),(182,227),(211,221),(221,199),(221,200),(227,166),(4,230),(227,231),(230,222),(236,239),(236,164),(236,234),(242,245),(242,164),(242,240),(246,41),(246,55),(246,247),(246,86),(175,91),(207,175),(222,245),(252,254),(252,164),(252,247),(126,257),(142,254),(147,260),(175,256),(175,263),(221,262),(221,264),(254,247),(254,248),(254,164),(257,41),(257,55),(257,259),(257,86),(260,261),(260,258),(3,243),(3,103),(266,220),(266,233),(266,122),(270,220),(270,233),(270,122),(271,189),(271,272),(271,226),(271,268),(271,105),(271,188),(3,275),(103,278),(243,277),(275,276),(276,51),(276,237),(276,223),(276,279),(276,273),(277,189),(277,274),(277,226),(277,280),(277,105),(277,188),(278,220),(278,233),(278,122)